onset	duration	trial_type	value	sample
11.076	0.0	deviation_onset_left	251	5538
11.928	0.0	response_onset	253	5964
14.352	0.0	response_offset	254	7176
17.964	0.0	deviation_onset_right	252	8982
18.748	0.0	response_onset	253	9374
21.156	0.0	response_offset	254	10578
24.984	0.0	deviation_onset_right	252	12492
25.868	0.0	response_onset	253	12934
28.36	0.0	response_offset	254	14180
32.12	0.0	deviation_onset_left	251	16060
32.856	0.0	response_onset	253	16428
34.676	0.0	response_offset	254	17338
39.908	0.0	deviation_onset_right	252	19954
40.68	0.0	response_onset	253	20340
42.948	0.0	response_offset	254	21474
51.724	0.0	deviation_onset_left	251	25862
52.424	0.0	response_onset	253	26212
54.732	0.0	response_offset	254	27366
58.508	0.0	deviation_onset_left	251	29254
59.128	0.0	response_onset	253	29564
61.32	0.0	response_offset	254	30660
64.88	0.0	deviation_onset_right	252	32440
65.548	0.0	response_onset	253	32774
68.492	0.0	response_offset	254	34246
72.568	0.0	deviation_onset_right	252	36284
73.236	0.0	response_onset	253	36618
75.292	0.0	response_offset	254	37646
79.404	0.0	deviation_onset_left	251	39702
79.94	0.0	response_onset	253	39970
81.796	0.0	response_offset	254	40898
86.576	0.0	deviation_onset_right	252	43288
87.112	0.0	response_onset	253	43556
88.784	0.0	response_offset	254	44392
95.984	0.0	deviation_onset_right	252	47992
96.636	0.0	response_onset	253	48318
99.216	0.0	response_offset	254	49608
102.544	0.0	deviation_onset_right	252	51272
103.148	0.0	response_onset	253	51574
104.7	0.0	response_offset	254	52350
112.124	0.0	deviation_onset_left	251	56062
112.708	0.0	response_onset	253	56354
114.748	0.0	response_offset	254	57374
118.44	0.0	deviation_onset_left	251	59220
119.128	0.0	response_onset	253	59564
121.1	0.0	response_offset	254	60550
126.864	0.0	deviation_onset_right	252	63432
127.5	0.0	response_onset	253	63750
129.872	0.0	response_offset	254	64936
137.796	0.0	deviation_onset_left	251	68898
138.416	0.0	response_onset	253	69208
140.42	0.0	response_offset	254	70210
144.82	0.0	deviation_onset_left	251	72410
145.404	0.0	response_onset	253	72702
147.76	0.0	response_offset	254	73880
154.064	0.0	deviation_onset_left	251	77032
154.68	0.0	response_onset	253	77340
156.62	0.0	response_offset	254	78310
161.248	0.0	deviation_onset_right	252	80624
162.036	0.0	response_onset	253	81018
163.556	0.0	response_offset	254	81778
169.372	0.0	deviation_onset_left	251	84686
170.244	0.0	response_onset	253	85122
173.192	0.0	response_offset	254	86596
177.252	0.0	deviation_onset_right	252	88626
177.952	0.0	response_onset	253	88976
180.196	0.0	response_offset	254	90098
185.64	0.0	deviation_onset_right	252	92820
186.476	0.0	response_onset	253	93238
188.736	0.0	response_offset	254	94368
195.94	0.0	deviation_onset_right	252	97970
196.724	0.0	response_onset	253	98362
199.42	0.0	response_offset	254	99710
203.232	0.0	deviation_onset_right	252	101616
203.916	0.0	response_onset	253	101958
206.092	0.0	response_offset	254	103046
212.94	0.0	deviation_onset_right	252	106470
213.896	0.0	response_onset	253	106948
215.648	0.0	response_offset	254	107824
221.016	0.0	deviation_onset_left	251	110508
222.42	0.0	response_onset	253	111210
226.4	0.0	response_offset	254	113200
231.68	0.0	deviation_onset_left	251	115840
233.34	0.0	response_onset	253	116670
237.084	0.0	response_offset	254	118542
244.98	0.0	deviation_onset_left	251	122490
246.1	0.0	response_onset	253	123050
248.624	0.0	response_offset	254	124312
254.556	0.0	deviation_onset_right	252	127278
255.428	0.0	response_onset	253	127714
258.736	0.0	response_offset	254	129368
264.04	0.0	deviation_onset_left	251	132020
264.692	0.0	response_onset	253	132346
266.764	0.0	response_offset	254	133382
272.684	0.0	deviation_onset_left	251	136342
273.168	0.0	response_onset	253	136584
274.704	0.0	response_offset	254	137352
280.82	0.0	deviation_onset_right	252	140410
281.556	0.0	response_onset	253	140778
283.464	0.0	response_offset	254	141732
288.828	0.0	deviation_onset_right	252	144414
289.696	0.0	response_onset	253	144848
295.52	0.0	response_offset	254	147760
299.884	0.0	deviation_onset_right	252	149942
300.552	0.0	response_onset	253	150276
304.144	0.0	response_offset	254	152072
310.12	0.0	deviation_onset_right	252	155060
310.752	0.0	response_onset	253	155376
312.624	0.0	response_offset	254	156312
319.848	0.0	deviation_onset_right	252	159924
320.48	0.0	response_onset	253	160240
322.92	0.0	response_offset	254	161460
327.452	0.0	deviation_onset_right	252	163726
328.052	0.0	response_onset	253	164026
329.808	0.0	response_offset	254	164904
335.34	0.0	deviation_onset_left	251	167670
335.928	0.0	response_onset	253	167964
337.748	0.0	response_offset	254	168874
345.904	0.0	deviation_onset_left	251	172952
346.472	0.0	response_onset	253	173236
348.296	0.0	response_offset	254	174148
353.244	0.0	deviation_onset_left	251	176622
353.928	0.0	response_onset	253	176964
359.38	0.0	response_offset	254	179690
362.904	0.0	deviation_onset_left	251	181452
363.792	0.0	response_onset	253	181896
366.6	0.0	response_offset	254	183300
373.688	0.0	deviation_onset_left	251	186844
374.64	0.0	response_onset	253	187320
376.764	0.0	response_offset	254	188382
385.204	0.0	deviation_onset_right	252	192602
385.908	0.0	response_onset	253	192954
388.6	0.0	response_offset	254	194300
395.408	0.0	deviation_onset_right	252	197704
396.16	0.0	response_onset	253	198080
398.652	0.0	response_offset	254	199326
402.864	0.0	deviation_onset_right	252	201432
403.464	0.0	response_onset	253	201732
405.86	0.0	response_offset	254	202930
412.276	0.0	deviation_onset_left	251	206138
412.88	0.0	response_onset	253	206440
414.92	0.0	response_offset	254	207460
421.924	0.0	deviation_onset_left	251	210962
422.776	0.0	response_onset	253	211388
424.964	0.0	response_offset	254	212482
432.2	0.0	deviation_onset_right	252	216100
433.656	0.0	response_onset	253	216828
438.216	0.0	response_offset	254	219108
444.584	0.0	deviation_onset_left	251	222292
445.62	0.0	response_onset	253	222810
449.52	0.0	response_offset	254	224760
454.168	0.0	deviation_onset_right	252	227084
454.852	0.0	response_onset	253	227426
456.808	0.0	response_offset	254	228404
461.372	0.0	deviation_onset_right	252	230686
475.464	0.0	response_onset	253	237732
477.736	0.0	response_offset	254	238868
485.476	0.0	deviation_onset_right	252	242738
486.712	0.0	response_onset	253	243356
491.46	0.0	response_offset	254	245730
498.012	0.0	deviation_onset_left	251	249006
498.716	0.0	response_onset	253	249358
501.524	0.0	response_offset	254	250762
505.836	0.0	deviation_onset_right	252	252918
507.44	0.0	response_onset	253	253720
509.548	0.0	response_offset	254	254774
515.448	0.0	deviation_onset_right	252	257724
516.232	0.0	response_onset	253	258116
518.572	0.0	response_offset	254	259286
525.364	0.0	deviation_onset_right	252	262682
526.032	0.0	response_onset	253	263016
528.492	0.0	response_offset	254	264246
535.644	0.0	deviation_onset_left	251	267822
536.212	0.0	response_onset	253	268106
539.64	0.0	response_offset	254	269820
546.292	0.0	deviation_onset_left	251	273146
546.944	0.0	response_onset	253	273472
548.464	0.0	response_offset	254	274232
551.824	0.0	deviation_onset_right	252	275912
552.544	0.0	response_onset	253	276272
555.32	0.0	response_offset	254	277660
559.196	0.0	deviation_onset_left	251	279598
559.732	0.0	response_onset	253	279866
564.46	0.0	response_offset	254	282230
568.94	0.0	deviation_onset_left	251	284470
569.528	0.0	response_onset	253	284764
573.32	0.0	response_offset	254	286660
578.304	0.0	deviation_onset_left	251	289152
578.936	0.0	response_onset	253	289468
583.164	0.0	response_offset	254	291582
587.836	0.0	deviation_onset_left	251	293918
588.336	0.0	response_onset	253	294168
590.36	0.0	response_offset	254	295180
595.944	0.0	deviation_onset_left	251	297972
596.524	0.0	response_onset	253	298262
599.332	0.0	response_offset	254	299666
602.612	0.0	deviation_onset_left	251	301306
603.128	0.0	response_onset	253	301564
606.104	0.0	response_offset	254	303052
611.72	0.0	deviation_onset_right	252	305860
612.356	0.0	response_onset	253	306178
614.296	0.0	response_offset	254	307148
619.928	0.0	deviation_onset_left	251	309964
620.884	0.0	response_onset	253	310442
623.088	0.0	response_offset	254	311544
627.268	0.0	deviation_onset_left	251	313634
627.888	0.0	response_onset	253	313944
629.828	0.0	response_offset	254	314914
632.792	0.0	deviation_onset_right	252	316396
634.228	0.0	response_onset	253	317114
637.256	0.0	response_offset	254	318628
643.704	0.0	deviation_onset_left	251	321852
643.772	0.0	response_onset	253	321886
643.788	0.0	response_offset	254	321894
654.964	0.0	deviation_onset_left	251	327482
656.736	0.0	response_onset	253	328368
660.544	0.0	response_offset	254	330272
666.028	0.0	deviation_onset_right	252	333014
667.768	0.0	response_onset	253	333884
670.56	0.0	response_offset	254	335280
677.328	0.0	deviation_onset_right	252	338664
679.936	0.0	response_onset	253	339968
682.644	0.0	response_offset	254	341322
688.328	0.0	deviation_onset_right	252	344164
697.436	0.0	response_onset	253	348718
699.844	0.0	response_offset	254	349922
704.724	0.0	deviation_onset_right	252	352362
706.432	0.0	response_onset	253	353216
712.516	0.0	response_offset	254	356258
713.968	0.0	deviation_onset_right	252	356984
722.94	0.0	response_onset	253	361470
724.764	0.0	response_offset	254	362382
733.492	0.0	deviation_onset_left	251	366746
735.148	0.0	response_onset	253	367574
738.072	0.0	response_offset	254	369036
746.884	0.0	deviation_onset_left	251	373442
748.004	0.0	response_onset	253	374002
755.84	0.0	response_offset	254	377920
757.128	0.0	deviation_onset_left	251	378564
757.18	0.0	response_onset	253	378590
757.196	0.0	response_offset	254	378598
772.308	0.0	deviation_onset_right	252	386154
781.688	0.0	response_onset	253	390844
784.412	0.0	response_offset	254	392206
804.88	0.0	deviation_onset_left	251	402440
1005.36	0.0	response_onset	253	502680
1008.152	0.0	response_offset	254	504076
1012.756	0.0	deviation_onset_left	251	506378
1012.908	0.0	response_onset	253	506454
1012.924	0.0	response_offset	254	506462
1019.912	0.0	deviation_onset_right	252	509956
1020.996	0.0	response_onset	253	510498
1024.108	0.0	response_offset	254	512054
1029.4	0.0	deviation_onset_left	251	514700
1029.852	0.0	response_onset	253	514926
1029.872	0.0	response_offset	254	514936
1036.488	0.0	deviation_onset_right	252	518244
1037.54	0.0	response_onset	253	518770
1040.848	0.0	response_offset	254	520424
1044.86	0.0	deviation_onset_right	252	522430
1045.676	0.0	response_onset	253	522838
1048.036	0.0	response_offset	254	524018
1055.196	0.0	deviation_onset_right	252	527598
1055.912	0.0	response_onset	253	527956
1059.288	0.0	response_offset	254	529644
1064.272	0.0	deviation_onset_right	252	532136
1065.976	0.0	response_onset	253	532988
1072.88	0.0	response_offset	254	536440
1076.724	0.0	deviation_onset_left	251	538362
1078.112	0.0	response_onset	253	539056
1081.708	0.0	response_offset	254	540854
1106.144	0.0	deviation_onset_right	252	553072
1107.784	0.0	response_onset	253	553892
1117.26	0.0	response_offset	254	558630
1118.112	0.0	deviation_onset_left	251	559056
1118.912	0.0	response_onset	253	559456
1123.192	0.0	response_offset	254	561596
1184.832	0.0	deviation_onset_right	252	592416
1186.184	0.0	response_onset	253	593092
1191.016	0.0	response_offset	254	595508
1195.512	0.0	deviation_onset_right	252	597756
1195.996	0.0	response_onset	253	597998
1196.012	0.0	response_offset	254	598006
1204.188	0.0	deviation_onset_right	252	602094
1205.64	0.0	response_onset	253	602820
1205.656	0.0	response_offset	254	602828
1214.848	0.0	deviation_onset_right	252	607424
1215.228	0.0	response_onset	253	607614
1216.736	0.0	response_offset	254	608368
1223.184	0.0	deviation_onset_right	252	611592
1331.236	0.0	response_onset	253	665618
1335.268	0.0	response_offset	254	667634
1342.384	0.0	deviation_onset_right	252	671192
1343.872	0.0	response_onset	253	671936
1347.764	0.0	response_offset	254	673882
1351.424	0.0	deviation_onset_right	252	675712
1351.576	0.0	response_onset	253	675788
1351.592	0.0	response_offset	254	675796
1364.6	0.0	deviation_onset_left	251	682300
1368.876	0.0	response_onset	253	684438
1381.648	0.0	response_offset	254	690824
1388.452	0.0	deviation_onset_right	252	694226
1390.588	0.0	response_onset	253	695294
1393.764	0.0	response_offset	254	696882
1401.436	0.0	deviation_onset_right	252	700718
1402.104	0.0	response_onset	253	701052
1404.028	0.0	response_offset	254	702014
1411.544	0.0	deviation_onset_left	251	705772
1412.48	0.0	response_onset	253	706240
1418.868	0.0	response_offset	254	709434
1421.14	0.0	deviation_onset_right	252	710570
1421.76	0.0	response_onset	253	710880
1424.852	0.0	response_offset	254	712426
1431.94	0.0	deviation_onset_left	251	715970
1432.728	0.0	response_onset	253	716364
1434.532	0.0	response_offset	254	717266
1440.26	0.0	deviation_onset_left	251	720130
1441.096	0.0	response_onset	253	720548
1443.524	0.0	response_offset	254	721762
1447.496	0.0	deviation_onset_left	251	723748
1447.828	0.0	response_onset	253	723914
1449.668	0.0	response_offset	254	724834
1454.264	0.0	deviation_onset_left	251	727132
1455.116	0.0	response_onset	253	727558
1457.308	0.0	response_offset	254	728654
1464.56	0.0	deviation_onset_left	251	732280
1465.212	0.0	response_onset	253	732606
1467.036	0.0	response_offset	254	733518
1471.248	0.0	deviation_onset_left	251	735624
1471.848	0.0	response_onset	253	735924
1473.592	0.0	response_offset	254	736796
1480.716	0.0	deviation_onset_right	252	740358
1481.432	0.0	response_onset	253	740716
1484.292	0.0	response_offset	254	742146
1491.832	0.0	deviation_onset_left	251	745916
1493.136	0.0	response_onset	253	746568
1495.424	0.0	response_offset	254	747712
1500.656	0.0	deviation_onset_right	252	750328
1502.26	0.0	response_onset	253	751130
1505.936	0.0	response_offset	254	752968
1509.888	0.0	deviation_onset_left	251	754944
1511.192	0.0	response_onset	253	755596
1516.576	0.0	response_offset	254	758288
1519.9	0.0	deviation_onset_left	251	759950
1520.068	0.0	response_onset	253	760034
1520.084	0.0	response_offset	254	760042
1527.58	0.0	deviation_onset_left	251	763790
1528.248	0.0	response_onset	253	764124
1530.116	0.0	response_offset	254	765058
1534.716	0.0	deviation_onset_right	252	767358
1535.42	0.0	response_onset	253	767710
1539.264	0.0	response_offset	254	769632
1546.336	0.0	deviation_onset_right	252	773168
1547.104	0.0	response_onset	253	773552
1550.216	0.0	response_offset	254	775108
1557.576	0.0	deviation_onset_right	252	778788
1558.144	0.0	response_onset	253	779072
1560.3	0.0	response_offset	254	780150
1564.492	0.0	deviation_onset_left	251	782246
1564.644	0.0	response_onset	253	782322
1564.66	0.0	response_offset	254	782330
1573.2	0.0	deviation_onset_left	251	786600
1574.82	0.0	response_onset	253	787410
1578.296	0.0	response_offset	254	789148
1582.76	0.0	deviation_onset_left	251	791380
1583.612	0.0	response_onset	253	791806
1586.2	0.0	response_offset	254	793100
1592.216	0.0	deviation_onset_right	252	796108
1593.288	0.0	response_onset	253	796644
1596.308	0.0	response_offset	254	798154
1605.112	0.0	deviation_onset_left	251	802556
1606.368	0.0	response_onset	253	803184
1612.016	0.0	response_offset	254	806008
1615.036	0.0	deviation_onset_left	251	807518
1615.688	0.0	response_onset	253	807844
1618.28	0.0	response_offset	254	809140
1625.104	0.0	deviation_onset_left	251	812552
1625.692	0.0	response_onset	253	812846
1628.564	0.0	response_offset	254	814282
1636.0	0.0	deviation_onset_left	251	818000
1636.6	0.0	response_onset	253	818300
1638.956	0.0	response_offset	254	819478
1642.508	0.0	deviation_onset_right	252	821254
1643.308	0.0	response_onset	253	821654
1646.12	0.0	response_offset	254	823060
1653.728	0.0	deviation_onset_left	251	826864
1654.348	0.0	response_onset	253	827174
1656.62	0.0	response_offset	254	828310
1661.784	0.0	deviation_onset_left	251	830892
1662.488	0.0	response_onset	253	831244
1665.98	0.0	response_offset	254	832990
1671.732	0.0	deviation_onset_left	251	835866
1672.436	0.0	response_onset	253	836218
1674.94	0.0	response_offset	254	837470
1681.76	0.0	deviation_onset_left	251	840880
1682.412	0.0	response_onset	253	841206
1685.372	0.0	response_offset	254	842686
1688.8	0.0	deviation_onset_right	252	844400
1689.536	0.0	response_onset	253	844768
1691.772	0.0	response_offset	254	845886
1696.564	0.0	deviation_onset_right	252	848282
1697.4	0.0	response_onset	253	848700
1700.672	0.0	response_offset	254	850336
1706.856	0.0	deviation_onset_right	252	853428
1707.608	0.0	response_onset	253	853804
1710.264	0.0	response_offset	254	855132
1716.096	0.0	deviation_onset_left	251	858048
1716.728	0.0	response_onset	253	858364
1719.62	0.0	response_offset	254	859810
1723.332	0.0	deviation_onset_left	251	861666
1723.92	0.0	response_onset	253	861960
1727.296	0.0	response_offset	254	863648
1733.18	0.0	deviation_onset_right	252	866590
1733.864	0.0	response_onset	253	866932
1736.22	0.0	response_offset	254	868110
1743.912	0.0	deviation_onset_right	252	871956
1744.632	0.0	response_onset	253	872316
1746.788	0.0	response_offset	254	873394
1754.548	0.0	deviation_onset_right	252	877274
1755.168	0.0	response_onset	253	877584
1757.272	0.0	response_offset	254	878636
1764.792	0.0	deviation_onset_right	252	882396
1765.496	0.0	response_onset	253	882748
1767.536	0.0	response_offset	254	883768
1771.332	0.0	deviation_onset_left	251	885666
1772.016	0.0	response_onset	253	886008
1776.82	0.0	response_offset	254	888410
1778.84	0.0	deviation_onset_right	252	889420
1779.492	0.0	response_onset	253	889746
1782.252	0.0	response_offset	254	891126
1787.752	0.0	deviation_onset_right	252	893876
1788.504	0.0	response_onset	253	894252
1790.792	0.0	response_offset	254	895396
1795.24	0.0	deviation_onset_left	251	897620
1795.976	0.0	response_onset	253	897988
1798.048	0.0	response_offset	254	899024
1804.78	0.0	deviation_onset_right	252	902390
1805.484	0.0	response_onset	253	902742
1807.924	0.0	response_offset	254	903962
1815.328	0.0	deviation_onset_left	251	907664
1816.144	0.0	response_onset	253	908072
1818.052	0.0	response_offset	254	909026
1823.0	0.0	deviation_onset_left	251	911500
1823.952	0.0	response_onset	253	911976
1827.86	0.0	response_offset	254	913930
1831.904	0.0	deviation_onset_left	251	915952
1832.64	0.0	response_onset	253	916320
1834.78	0.0	response_offset	254	917390
1840.172	0.0	deviation_onset_right	252	920086
1840.876	0.0	response_onset	253	920438
1843.18	0.0	response_offset	254	921590
1850.956	0.0	deviation_onset_left	251	925478
1851.608	0.0	response_onset	253	925804
1853.944	0.0	response_offset	254	926972
1859.444	0.0	deviation_onset_right	252	929722
1860.18	0.0	response_onset	253	930090
1862.972	0.0	response_offset	254	931486
1868.588	0.0	deviation_onset_left	251	934294
1869.024	0.0	response_onset	253	934512
1871.08	0.0	response_offset	254	935540
1874.54	0.0	deviation_onset_right	252	937270
1875.292	0.0	response_onset	253	937646
1877.496	0.0	response_offset	254	938748
1884.368	0.0	deviation_onset_left	251	942184
1884.704	0.0	response_onset	253	942352
1886.424	0.0	response_offset	254	943212
1890.588	0.0	deviation_onset_left	251	945294
1891.424	0.0	response_onset	253	945712
1893.764	0.0	response_offset	254	946882
1900.252	0.0	deviation_onset_left	251	950126
1901.22	0.0	response_onset	253	950610
1905.2	0.0	response_offset	254	952600
1907.572	0.0	deviation_onset_left	251	953786
1908.56	0.0	response_onset	253	954280
1912.792	0.0	response_offset	254	956396
1916.836	0.0	deviation_onset_right	252	958418
1917.588	0.0	response_onset	253	958794
1919.628	0.0	response_offset	254	959814
1924.664	0.0	deviation_onset_left	251	962332
1925.484	0.0	response_onset	253	962742
1930.38	0.0	response_offset	254	965190
1935.66	0.0	deviation_onset_left	251	967830
1937.032	0.0	response_onset	253	968516
1942.632	0.0	response_offset	254	971316
1945.708	0.0	deviation_onset_right	252	972854
1946.744	0.0	response_onset	253	973372
1951.644	0.0	response_offset	254	975822
1954.452	0.0	deviation_onset_right	252	977226
1955.236	0.0	response_onset	253	977618
1957.808	0.0	response_offset	254	978904
1962.604	0.0	deviation_onset_left	251	981302
1963.392	0.0	response_onset	253	981696
1965.68	0.0	response_offset	254	982840
1971.396	0.0	deviation_onset_right	252	985698
1972.3	0.0	response_onset	253	986150
1974.44	0.0	response_offset	254	987220
1982.58	0.0	deviation_onset_left	251	991290
1983.216	0.0	response_onset	253	991608
1987.88	0.0	response_offset	254	993940
1990.136	0.0	deviation_onset_right	252	995068
1990.928	0.0	response_onset	253	995464
1993.888	0.0	response_offset	254	996944
1998.716	0.0	deviation_onset_right	252	999358
1999.44	0.0	response_onset	253	999720
2001.428	0.0	response_offset	254	1000714
2006.26	0.0	deviation_onset_left	251	1003130
2007.244	0.0	response_onset	253	1003622
2010.036	0.0	response_offset	254	1005018
2016.672	0.0	deviation_onset_right	252	1008336
2017.692	0.0	response_onset	253	1008846
2020.568	0.0	response_offset	254	1010284
2028.588	0.0	deviation_onset_left	251	1014294
2029.44	0.0	response_onset	253	1014720
2032.752	0.0	response_offset	254	1016376
2036.232	0.0	deviation_onset_left	251	1018116
2037.32	0.0	response_onset	253	1018660
2042.42	0.0	response_offset	254	1021210
2047.2	0.0	deviation_onset_left	251	1023600
2048.268	0.0	response_onset	253	1024134
2052.416	0.0	response_offset	254	1026208
2059.12	0.0	deviation_onset_right	252	1029560
2059.804	0.0	response_onset	253	1029902
2061.844	0.0	response_offset	254	1030922
2068.94	0.0	deviation_onset_left	251	1034470
2069.624	0.0	response_onset	253	1034812
2073.136	0.0	response_offset	254	1036568
2077.048	0.0	deviation_onset_right	252	1038524
2077.064	0.0	response_onset	253	1038532
2077.08	0.0	response_offset	254	1038540
2086.124	0.0	deviation_onset_right	252	1043062
2087.024	0.0	response_onset	253	1043512
2090.236	0.0	response_offset	254	1045118
2096.988	0.0	deviation_onset_right	252	1048494
2098.608	0.0	response_onset	253	1049304
2103.256	0.0	response_offset	254	1051628
2106.168	0.0	deviation_onset_left	251	1053084
2107.536	0.0	response_onset	253	1053768
2112.48	0.0	response_offset	254	1056240
2116.416	0.0	deviation_onset_right	252	1058208
2117.336	0.0	response_onset	253	1058668
2120.96	0.0	response_offset	254	1060480
2127.88	0.0	deviation_onset_left	251	1063940
2128.68	0.0	response_onset	253	1064340
2133.476	0.0	response_offset	254	1066738
2139.644	0.0	deviation_onset_right	252	1069822
2140.596	0.0	response_onset	253	1070298
2142.804	0.0	response_offset	254	1071402
2146.952	0.0	deviation_onset_right	252	1073476
2147.768	0.0	response_onset	253	1073884
2150.212	0.0	response_offset	254	1075106
2154.072	0.0	deviation_onset_right	252	1077036
2154.808	0.0	response_onset	253	1077404
2156.812	0.0	response_offset	254	1078406
2161.728	0.0	deviation_onset_right	252	1080864
2162.632	0.0	response_onset	253	1081316
2164.956	0.0	response_offset	254	1082478
2172.812	0.0	deviation_onset_left	251	1086406
2173.448	0.0	response_onset	253	1086724
2179.08	0.0	response_offset	254	1089540
2183.944	0.0	deviation_onset_left	251	1091972
2184.832	0.0	response_onset	253	1092416
2189.196	0.0	response_offset	254	1094598
2194.672	0.0	deviation_onset_right	252	1097336
2195.524	0.0	response_onset	253	1097762
2198.248	0.0	response_offset	254	1099124
2202.228	0.0	deviation_onset_left	251	1101114
2202.996	0.0	response_onset	253	1101498
2205.552	0.0	response_offset	254	1102776
2212.692	0.0	deviation_onset_right	252	1106346
2213.444	0.0	response_onset	253	1106722
2215.768	0.0	response_offset	254	1107884
2221.664	0.0	deviation_onset_right	252	1110832
2222.516	0.0	response_onset	253	1111258
2224.752	0.0	response_offset	254	1112376
2229.652	0.0	deviation_onset_right	252	1114826
2230.488	0.0	response_onset	253	1115244
2233.012	0.0	response_offset	254	1116506
2237.66	0.0	deviation_onset_right	252	1118830
2238.576	0.0	response_onset	253	1119288
2241.036	0.0	response_offset	254	1120518
2249.244	0.0	deviation_onset_left	251	1124622
2250.228	0.0	response_onset	253	1125114
2255.328	0.0	response_offset	254	1127664
2258.436	0.0	deviation_onset_left	251	1129218
2259.188	0.0	response_onset	253	1129594
2262.232	0.0	response_offset	254	1131116
2268.236	0.0	deviation_onset_left	251	1134118
2269.152	0.0	response_onset	253	1134576
2274.868	0.0	response_offset	254	1137434
2278.076	0.0	deviation_onset_left	251	1139038
2278.896	0.0	response_onset	253	1139448
2283.56	0.0	response_offset	254	1141780
2287.828	0.0	deviation_onset_left	251	1143914
2288.396	0.0	response_onset	253	1144198
2290.788	0.0	response_offset	254	1145394
2298.776	0.0	deviation_onset_left	251	1149388
2299.396	0.0	response_onset	253	1149698
2303.308	0.0	response_offset	254	1151654
2309.776	0.0	deviation_onset_left	251	1154888
2310.776	0.0	response_onset	253	1155388
2313.832	0.0	response_offset	254	1156916
2318.076	0.0	deviation_onset_left	251	1159038
2318.808	0.0	response_onset	253	1159404
2321.736	0.0	response_offset	254	1160868
2326.944	0.0	deviation_onset_right	252	1163472
2327.496	0.0	response_onset	253	1163748
2333.228	0.0	response_offset	254	1166614
2338.008	0.0	deviation_onset_left	251	1169004
2338.844	0.0	response_onset	253	1169422
2342.168	0.0	response_offset	254	1171084
2347.824	0.0	deviation_onset_left	251	1173912
2348.56	0.0	response_onset	253	1174280
2353.74	0.0	response_offset	254	1176870
2357.22	0.0	deviation_onset_right	252	1178610
2357.704	0.0	response_onset	253	1178852
2359.524	0.0	response_offset	254	1179762
2364.948	0.0	deviation_onset_right	252	1182474
2365.584	0.0	response_onset	253	1182792
2367.72	0.0	response_offset	254	1183860
2372.836	0.0	deviation_onset_right	252	1186418
2373.52	0.0	response_onset	253	1186760
2375.824	0.0	response_offset	254	1187912
2381.876	0.0	deviation_onset_right	252	1190938
2382.56	0.0	response_onset	253	1191280
2384.584	0.0	response_offset	254	1192292
2388.836	0.0	deviation_onset_right	252	1194418
2389.672	0.0	response_onset	253	1194836
2392.548	0.0	response_offset	254	1196274
2396.308	0.0	deviation_onset_left	251	1198154
2397.112	0.0	response_onset	253	1198556
2400.236	0.0	response_offset	254	1200118
2405.084	0.0	deviation_onset_left	251	1202542
2405.704	0.0	response_onset	253	1202852
2408.244	0.0	response_offset	254	1204122
2412.204	0.0	deviation_onset_right	252	1206102
2413.272	0.0	response_onset	253	1206636
2416.364	0.0	response_offset	254	1208182
2422.492	0.0	deviation_onset_right	252	1211246
2423.548	0.0	response_onset	253	1211774
2426.22	0.0	response_offset	254	1213110
2434.424	0.0	deviation_onset_left	251	1217212
2435.06	0.0	response_onset	253	1217530
2437.568	0.0	response_offset	254	1218784
2442.6	0.0	deviation_onset_right	252	1221300
2443.388	0.0	response_onset	253	1221694
2446.16	0.0	response_offset	254	1223080
2454.068	0.0	deviation_onset_left	251	1227034
2454.916	0.0	response_onset	253	1227458
2457.124	0.0	response_offset	254	1228562
2464.128	0.0	deviation_onset_right	252	1232064
2464.528	0.0	response_onset	253	1232264
2467.556	0.0	response_offset	254	1233778
2471.568	0.0	deviation_onset_right	252	1235784
2472.384	0.0	response_onset	253	1236192
2475.46	0.0	response_offset	254	1237730
2479.072	0.0	deviation_onset_left	251	1239536
2479.776	0.0	response_onset	253	1239888
2483.704	0.0	response_offset	254	1241852
2486.596	0.0	deviation_onset_left	251	1243298
2487.396	0.0	response_onset	253	1243698
2490.624	0.0	response_offset	254	1245312
2497.396	0.0	deviation_onset_right	252	1248698
2498.416	0.0	response_onset	253	1249208
2501.276	0.0	response_offset	254	1250638
2508.68	0.0	deviation_onset_left	251	1254340
2509.316	0.0	response_onset	253	1254658
2513.492	0.0	response_offset	254	1256746
2515.88	0.0	deviation_onset_right	252	1257940
2516.552	0.0	response_onset	253	1258276
2519.076	0.0	response_offset	254	1259538
2524.388	0.0	deviation_onset_left	251	1262194
2525.008	0.0	response_onset	253	1262504
2529.472	0.0	response_offset	254	1264736
2531.88	0.0	deviation_onset_right	252	1265940
2532.564	0.0	response_onset	253	1266282
2536.024	0.0	response_offset	254	1268012
2542.98	0.0	deviation_onset_left	251	1271490
2543.528	0.0	response_onset	253	1271764
2547.576	0.0	response_offset	254	1273788
2550.5	0.0	deviation_onset_right	252	1275250
2551.188	0.0	response_onset	253	1275594
2553.892	0.0	response_offset	254	1276946
2561.096	0.0	deviation_onset_right	252	1280548
2561.852	0.0	response_onset	253	1280926
2564.024	0.0	response_offset	254	1282012
2570.456	0.0	deviation_onset_right	252	1285228
2571.228	0.0	response_onset	253	1285614
2573.784	0.0	response_offset	254	1286892
2576.912	0.0	deviation_onset_left	251	1288456
2577.464	0.0	response_onset	253	1288732
2582.328	0.0	response_offset	254	1291164
2586.1	0.0	deviation_onset_right	252	1293050
2586.736	0.0	response_onset	253	1293368
2589.396	0.0	response_offset	254	1294698
2597.636	0.0	deviation_onset_left	251	1298818
2598.488	0.0	response_onset	253	1299244
2601.696	0.0	response_offset	254	1300848
2607.212	0.0	deviation_onset_right	252	1303606
2607.916	0.0	response_onset	253	1303958
2609.552	0.0	response_offset	254	1304776
2614.308	0.0	deviation_onset_left	251	1307154
2615.328	0.0	response_onset	253	1307664
2619.104	0.0	response_offset	254	1309552
2623.6	0.0	deviation_onset_left	251	1311800
2623.768	0.0	response_onset	253	1311884
2623.784	0.0	response_offset	254	1311892
2632.392	0.0	deviation_onset_right	252	1316196
2633.196	0.0	response_onset	253	1316598
2636.42	0.0	response_offset	254	1318210
2639.964	0.0	deviation_onset_left	251	1319982
2641.004	0.0	response_onset	253	1320502
2646.164	0.0	response_offset	254	1323082
2648.692	0.0	deviation_onset_left	251	1324346
2649.916	0.0	response_onset	253	1324958
2653.776	0.0	response_offset	254	1326888
2660.652	0.0	deviation_onset_left	251	1330326
2661.388	0.0	response_onset	253	1330694
2664.192	0.0	response_offset	254	1332096
2668.184	0.0	deviation_onset_left	251	1334092
2669.1	0.0	response_onset	253	1334550
2675.316	0.0	response_offset	254	1337658
2676.72	0.0	deviation_onset_right	252	1338360
2677.86	0.0	response_onset	253	1338930
2680.532	0.0	response_offset	254	1340266
2688.424	0.0	deviation_onset_right	252	1344212
2690.096	0.0	response_onset	253	1345048
2693.908	0.0	response_offset	254	1346954
2701.312	0.0	deviation_onset_left	251	1350656
2702.684	0.0	response_onset	253	1351342
2707.496	0.0	response_offset	254	1353748
2714.716	0.0	deviation_onset_right	252	1357358
2716.488	0.0	response_onset	253	1358244
2719.776	0.0	response_offset	254	1359888
2726.428	0.0	deviation_onset_right	252	1363214
2727.516	0.0	response_onset	253	1363758
2729.84	0.0	response_offset	254	1364920
2734.504	0.0	deviation_onset_left	251	1367252
2736.024	0.0	response_onset	253	1368012
2742.192	0.0	response_offset	254	1371096
2749.332	0.0	deviation_onset_right	252	1374666
2750.032	0.0	response_onset	253	1375016
2751.988	0.0	response_offset	254	1375994
2757.544	0.0	deviation_onset_left	251	1378772
2758.832	0.0	response_onset	253	1379416
2762.592	0.0	response_offset	254	1381296
2770.568	0.0	deviation_onset_left	251	1385284
2771.536	0.0	response_onset	253	1385768
2774.06	0.0	response_offset	254	1387030
2779.376	0.0	deviation_onset_right	252	1389688
2780.632	0.0	response_onset	253	1390316
2783.688	0.0	response_offset	254	1391844
2792.244	0.0	deviation_onset_left	251	1396122
2793.684	0.0	response_onset	253	1396842
2797.928	0.0	response_offset	254	1398964
2802.544	0.0	deviation_onset_left	251	1401272
2803.596	0.0	response_onset	253	1401798
2806.088	0.0	response_offset	254	1403044
2812.304	0.0	deviation_onset_right	252	1406152
2813.424	0.0	response_onset	253	1406712
2816.4	0.0	response_offset	254	1408200
2823.02	0.0	deviation_onset_right	252	1411510
2824.156	0.0	response_onset	253	1412078
2828.336	0.0	response_offset	254	1414168
2831.828	0.0	deviation_onset_left	251	1415914
2833.416	0.0	response_onset	253	1416708
2839.368	0.0	response_offset	254	1419684
2844.596	0.0	deviation_onset_left	251	1422298
2845.248	0.0	response_onset	253	1422624
2848.408	0.0	response_offset	254	1424204
2853.608	0.0	deviation_onset_left	251	1426804
2854.312	0.0	response_onset	253	1427156
2858.38	0.0	response_offset	254	1429190
2861.436	0.0	deviation_onset_right	252	1430718
2862.208	0.0	response_onset	253	1431104
2864.932	0.0	response_offset	254	1432466
2869.568	0.0	deviation_onset_left	251	1434784
2870.236	0.0	response_onset	253	1435118
2874.332	0.0	response_offset	254	1437166
2877.424	0.0	deviation_onset_left	251	1438712
2878.744	0.0	response_onset	253	1439372
2885.612	0.0	response_offset	254	1442806
2889.908	0.0	deviation_onset_left	251	1444954
2890.708	0.0	response_onset	253	1445354
2895.004	0.0	response_offset	254	1447502
2897.46	0.0	deviation_onset_left	251	1448730
2898.212	0.0	response_onset	253	1449106
2901.592	0.0	response_offset	254	1450796
2905.464	0.0	deviation_onset_left	251	1452732
2906.236	0.0	response_onset	253	1453118
2907.356	0.0	response_offset	254	1453678
2913.156	0.0	deviation_onset_left	251	1456578
2914.56	0.0	response_onset	253	1457280
2920.66	0.0	response_offset	254	1460330
2924.152	0.0	deviation_onset_left	251	1462076
2925.324	0.0	response_onset	253	1462662
2929.268	0.0	response_offset	254	1464634
2932.844	0.0	deviation_onset_left	251	1466422
2934.432	0.0	response_onset	253	1467216
2937.356	0.0	response_offset	254	1468678
2942.764	0.0	deviation_onset_left	251	1471382
2942.932	0.0	response_onset	253	1471466
2942.948	0.0	response_offset	254	1471474
2947.86	0.0	deviation_onset_left	251	1473930
2949.416	0.0	response_onset	253	1474708
2951.948	0.0	response_offset	254	1475974
2960.456	0.0	deviation_onset_left	251	1480228
2962.16	0.0	response_onset	253	1481080
2968.964	0.0	response_offset	254	1484482
2973.408	0.0	deviation_onset_left	251	1486704
2974.732	0.0	response_onset	253	1487366
2977.072	0.0	response_offset	254	1488536
2981.768	0.0	deviation_onset_left	251	1490884
2983.04	0.0	response_onset	253	1491520
2985.564	0.0	response_offset	254	1492782
2992.304	0.0	deviation_onset_right	252	1496152
2993.656	0.0	response_onset	253	1496828
2996.1	0.0	response_offset	254	1498050
3000.912	0.0	deviation_onset_left	251	1500456
3001.0	0.0	response_onset	253	1500500
3001.012	0.0	response_offset	254	1500506
3010.008	0.0	deviation_onset_right	252	1505004
3010.524	0.0	response_onset	253	1505262
3013.068	0.0	response_offset	254	1506534
3017.144	0.0	deviation_onset_left	251	1508572
3018.468	0.0	response_onset	253	1509234
3023.832	0.0	response_offset	254	1511916
3027.292	0.0	deviation_onset_right	252	1513646
3028.28	0.0	response_onset	253	1514140
3031.104	0.0	response_offset	254	1515552
3039.012	0.0	deviation_onset_right	252	1519506
3039.564	0.0	response_onset	253	1519782
3041.468	0.0	response_offset	254	1520734
3048.356	0.0	deviation_onset_right	252	1524178
3049.424	0.0	response_onset	253	1524712
3052.284	0.0	response_offset	254	1526142
3057.204	0.0	deviation_onset_right	252	1528602
3058.02	0.0	response_onset	253	1529010
3062.132	0.0	response_offset	254	1531066
3067.368	0.0	deviation_onset_left	251	1533684
3068.536	0.0	response_onset	253	1534268
3073.316	0.0	response_offset	254	1536658
3078.248	0.0	deviation_onset_right	252	1539124
3079.068	0.0	response_onset	253	1539534
3081.224	0.0	response_offset	254	1540612
3084.964	0.0	deviation_onset_right	252	1542482
3086.488	0.0	response_onset	253	1543244
3089.112	0.0	response_offset	254	1544556
3096.656	0.0	deviation_onset_right	252	1548328
3098.296	0.0	response_onset	253	1549148
3101.22	0.0	response_offset	254	1550610
3106.884	0.0	deviation_onset_right	252	1553442
3107.904	0.0	response_onset	253	1553952
3110.376	0.0	response_offset	254	1555188
3115.12	0.0	deviation_onset_left	251	1557560
3116.588	0.0	response_onset	253	1558294
3120.352	0.0	response_offset	254	1560176
3157.296	0.0	deviation_onset_left	251	1578648
3158.984	0.0	response_onset	253	1579492
3162.764	0.0	response_offset	254	1581382
3169.028	0.0	deviation_onset_left	251	1584514
3191.316	0.0	response_onset	253	1595658
3197.4	0.0	response_offset	254	1598700
3203.92	0.0	deviation_onset_right	252	1601960
3206.128	0.0	response_onset	253	1603064
3209.62	0.0	response_offset	254	1604810
3215.404	0.0	deviation_onset_left	251	1607702
3216.824	0.0	response_onset	253	1608412
3224.532	0.0	response_offset	254	1612266
3225.668	0.0	deviation_onset_left	251	1612834
3228.108	0.0	response_onset	253	1614054
3230.832	0.0	response_offset	254	1615416
3238.584	0.0	deviation_onset_right	252	1619292
3240.22	0.0	response_onset	253	1620110
3244.52	0.0	response_offset	254	1622260
3248.8	0.0	deviation_onset_right	252	1624400
3249.904	0.0	response_onset	253	1624952
3252.728	0.0	response_offset	254	1626364
3259.86	0.0	deviation_onset_right	252	1629930
3261.18	0.0	response_onset	253	1630590
3263.704	0.0	response_offset	254	1631852
3271.624	0.0	deviation_onset_left	251	1635812
3272.476	0.0	response_onset	253	1636238
3275.04	0.0	response_offset	254	1637520
3282.344	0.0	deviation_onset_left	251	1641172
3283.244	0.0	response_onset	253	1641622
3285.952	0.0	response_offset	254	1642976
3291.308	0.0	deviation_onset_left	251	1645654
3292.58	0.0	response_onset	253	1646290
3296.656	0.0	response_offset	254	1648328
3301.572	0.0	deviation_onset_left	251	1650786
3302.824	0.0	response_onset	253	1651412
3306.0	0.0	response_offset	254	1653000
3311.332	0.0	deviation_onset_left	251	1655666
3312.384	0.0	response_onset	253	1656192
3315.58	0.0	response_offset	254	1657790
3319.568	0.0	deviation_onset_left	251	1659784
3319.92	0.0	response_onset	253	1659960
3319.936	0.0	response_offset	254	1659968
3327.228	0.0	deviation_onset_left	251	1663614
3328.016	0.0	response_onset	253	1664008
3330.356	0.0	response_offset	254	1665178
3335.352	0.0	deviation_onset_left	251	1667676
3336.356	0.0	response_onset	253	1668178
3339.836	0.0	response_offset	254	1669918
3344.312	0.0	deviation_onset_left	251	1672156
3345.116	0.0	response_onset	253	1672558
3347.88	0.0	response_offset	254	1673940
3354.616	0.0	deviation_onset_left	251	1677308
3355.32	0.0	response_onset	253	1677660
3357.008	0.0	response_offset	254	1678504
3362.356	0.0	deviation_onset_right	252	1681178
3363.076	0.0	response_onset	253	1681538
3365.816	0.0	response_offset	254	1682908
3374.292	0.0	deviation_onset_left	251	1687146
3375.076	0.0	response_onset	253	1687538
3378.016	0.0	response_offset	254	1689008
3384.0	0.0	deviation_onset_right	252	1692000
3385.172	0.0	response_onset	253	1692586
3388.048	0.0	response_offset	254	1694024
3394.416	0.0	deviation_onset_right	252	1697208
3396.056	0.0	response_onset	253	1698028
3401.02	0.0	response_offset	254	1700510
3404.98	0.0	deviation_onset_left	251	1702490
3406.62	0.0	response_onset	253	1703310
3412.924	0.0	response_offset	254	1706462
3418.452	0.0	deviation_onset_right	252	1709226
3428.728	0.0	response_onset	253	1714364
3431.756	0.0	response_offset	254	1715878
3436.884	0.0	deviation_onset_left	251	1718442
3439.008	0.0	response_onset	253	1719504
3444.44	0.0	response_offset	254	1722220
3451.044	0.0	deviation_onset_right	252	1725522
3453.232	0.0	response_onset	253	1726616
3455.888	0.0	response_offset	254	1727944
3462.296	0.0	deviation_onset_left	251	1731148
3463.6	0.0	response_onset	253	1731800
3467.476	0.0	response_offset	254	1733738
3476.204	0.0	deviation_onset_left	251	1738102
3477.676	0.0	response_onset	253	1738838
3482.304	0.0	response_offset	254	1741152
3487.74	0.0	deviation_onset_right	252	1743870
3503.04	0.0	response_onset	253	1751520
3505.38	0.0	response_offset	254	1752690
3509.992	0.0	deviation_onset_right	252	1754996
3511.18	0.0	response_onset	253	1755590
3513.552	0.0	response_offset	254	1756776
3518.112	0.0	deviation_onset_left	251	1759056
3519.248	0.0	response_onset	253	1759624
3522.036	0.0	response_offset	254	1761018
3526.884	0.0	deviation_onset_left	251	1763442
3528.108	0.0	response_onset	253	1764054
3531.3	0.0	response_offset	254	1765650
3536.916	0.0	deviation_onset_right	252	1768458
3537.852	0.0	response_onset	253	1768926
3539.772	0.0	response_offset	254	1769886
3547.496	0.0	deviation_onset_left	251	1773748
3548.164	0.0	response_onset	253	1774082
3550.352	0.0	response_offset	254	1775176
3554.916	0.0	deviation_onset_right	252	1777458
3555.78	0.0	response_onset	253	1777890
3559.408	0.0	response_offset	254	1779704
3562.916	0.0	deviation_onset_right	252	1781458
3564.256	0.0	response_onset	253	1782128
3567.332	0.0	response_offset	254	1783666
3574.884	0.0	deviation_onset_left	251	1787442
3576.036	0.0	response_onset	253	1788018
3580.468	0.0	response_offset	254	1790234
3587.788	0.0	deviation_onset_left	251	1793894
3589.028	0.0	response_onset	253	1794514
3592.168	0.0	response_offset	254	1796084
3599.264	0.0	deviation_onset_right	252	1799632
3600.816	0.0	response_onset	253	1800408
3604.328	0.0	response_offset	254	1802164
3611.884	0.0	deviation_onset_left	251	1805942
3612.752	0.0	response_onset	253	1806376
3617.768	0.0	response_offset	254	1808884
3622.28	0.0	deviation_onset_right	252	1811140
3623.032	0.0	response_onset	253	1811516
3625.056	0.0	response_offset	254	1812528
3632.664	0.0	deviation_onset_right	252	1816332
3633.932	0.0	response_onset	253	1816966
3636.276	0.0	response_offset	254	1818138
3641.104	0.0	deviation_onset_left	251	1820552
3642.944	0.0	response_onset	253	1821472
3649.508	0.0	response_offset	254	1824754
3652.736	0.0	deviation_onset_left	251	1826368
3654.14	0.0	response_onset	253	1827070
3660.192	0.0	response_offset	254	1830096
3665.692	0.0	deviation_onset_right	252	1832846
3673.764	0.0	response_onset	253	1836882
3676.236	0.0	response_offset	254	1838118
3682.052	0.0	deviation_onset_right	252	1841026
3684.608	0.0	response_onset	253	1842304
3687.684	0.0	response_offset	254	1843842
3696.128	0.0	deviation_onset_left	251	1848064
3704.416	0.0	response_onset	253	1852208
3708.192	0.0	response_offset	254	1854096
3712.404	0.0	deviation_onset_left	251	1856202
3713.992	0.0	response_onset	253	1856996
3716.436	0.0	response_offset	254	1858218
3725.212	0.0	deviation_onset_right	252	1862606
3729.092	0.0	response_onset	253	1864546
3734.024	0.0	response_offset	254	1867012
3736.328	0.0	deviation_onset_right	252	1868164
3737.664	0.0	response_onset	253	1868832
3741.108	0.0	response_offset	254	1870554
3745.92	0.0	deviation_onset_right	252	1872960
3747.156	0.0	response_onset	253	1873578
3750.648	0.0	response_offset	254	1875324
3758.672	0.0	deviation_onset_right	252	1879336
3759.308	0.0	response_onset	253	1879654
3761.028	0.0	response_offset	254	1880514
3769.788	0.0	deviation_onset_left	251	1884894
3770.976	0.0	response_onset	253	1885488
3775.072	0.0	response_offset	254	1887536
3779.636	0.0	deviation_onset_right	252	1889818
3780.588	0.0	response_onset	253	1890294
3782.996	0.0	response_offset	254	1891498
3788.88	0.0	deviation_onset_right	252	1894440
3790.016	0.0	response_onset	253	1895008
3792.504	0.0	response_offset	254	1896252
3796.44	0.0	deviation_onset_left	251	1898220
3797.744	0.0	response_onset	253	1898872
3802.64	0.0	response_offset	254	1901320
3805.332	0.0	deviation_onset_right	252	1902666
3806.352	0.0	response_onset	253	1903176
3808.692	0.0	response_offset	254	1904346
3814.744	0.0	deviation_onset_left	251	1907372
3816.096	0.0	response_onset	253	1908048
3824.492	0.0	response_offset	254	1912246
3827.164	0.0	deviation_onset_left	251	1913582
3828.6	0.0	response_onset	253	1914300
3834.972	0.0	response_offset	254	1917486
3837.912	0.0	deviation_onset_right	252	1918956
3838.5	0.0	response_onset	253	1919250
3840.336	0.0	response_offset	254	1920168
3848.34	0.0	deviation_onset_left	251	1924170
3849.092	0.0	response_onset	253	1924546
3853.592	0.0	response_offset	254	1926796
3855.28	0.0	deviation_onset_right	252	1927640
3855.78	0.0	response_onset	253	1927890
3857.588	0.0	response_offset	254	1928794
3862.532	0.0	deviation_onset_right	252	1931266
3863.116	0.0	response_onset	253	1931558
3865.704	0.0	response_offset	254	1932852
3870.704	0.0	deviation_onset_left	251	1935352
3871.64	0.0	response_onset	253	1935820
3875.036	0.0	response_offset	254	1937518
3880.556	0.0	deviation_onset_right	252	1940278
3881.34	0.0	response_onset	253	1940670
3885.688	0.0	response_offset	254	1942844
3891.336	0.0	deviation_onset_left	251	1945668
3893.024	0.0	response_onset	253	1946512
3898.12	0.0	response_offset	254	1949060
3901.56	0.0	deviation_onset_right	252	1950780
3902.58	0.0	response_onset	253	1951290
3904.904	0.0	response_offset	254	1952452
3909.904	0.0	deviation_onset_right	252	1954952
3910.92	0.0	response_onset	253	1955460
3913.38	0.0	response_offset	254	1956690
3917.156	0.0	deviation_onset_right	252	1958578
3918.58	0.0	response_onset	253	1959290
3922.308	0.0	response_offset	254	1961154
3930.028	0.0	deviation_onset_left	251	1965014
3936.832	0.0	response_onset	253	1968416
3942.348	0.0	response_offset	254	1971174
3946.56	0.0	deviation_onset_right	252	1973280
3948.7	0.0	response_onset	253	1974350
3951.692	0.0	response_offset	254	1975846
3955.568	0.0	deviation_onset_right	252	1977784
3975.036	0.0	response_onset	253	1987518
3977.36	0.0	response_offset	254	1988680
3983.644	0.0	deviation_onset_left	251	1991822
4011.044	0.0	response_onset	253	2005522
4015.688	0.0	response_offset	254	2007844
4020.784	0.0	deviation_onset_left	251	2010392
4023.192	0.0	response_onset	253	2011596
4029.192	0.0	response_offset	254	2014596
4037.216	0.0	deviation_onset_right	252	2018608
4420.82	0.0	response_onset	253	2210410
4423.128	0.0	response_offset	254	2211564
4431.804	0.0	deviation_onset_left	251	2215902
4432.876	0.0	response_onset	253	2216438
4435.732	0.0	response_offset	254	2217866
4440.444	0.0	deviation_onset_left	251	2220222
4441.732	0.0	response_onset	253	2220866
4444.204	0.0	response_offset	254	2222102
4450.524	0.0	deviation_onset_left	251	2225262
4452.428	0.0	response_onset	253	2226214
4456.644	0.0	response_offset	254	2228322
4459.736	0.0	deviation_onset_right	252	2229868
4460.84	0.0	response_onset	253	2230420
4464.732	0.0	response_offset	254	2232366
4467.968	0.0	deviation_onset_right	252	2233984
4468.836	0.0	response_onset	253	2234418
4471.612	0.0	response_offset	254	2235806
4479.304	0.0	deviation_onset_right	252	2239652
4480.036	0.0	response_onset	253	2240018
4482.732	0.0	response_offset	254	2241366
4487.864	0.0	deviation_onset_left	251	2243932
4489.152	0.0	response_onset	253	2244576
4493.784	0.0	response_offset	254	2246892
4498.516	0.0	deviation_onset_left	251	2249258
4510.512	0.0	response_onset	253	2255256
4512.3	0.0	response_offset	254	2256150
4517.116	0.0	deviation_onset_left	251	2258558
4518.372	0.0	response_onset	253	2259186
4521.444	0.0	response_offset	254	2260722
4526.508	0.0	deviation_onset_left	251	2263254
4528.196	0.0	response_onset	253	2264098
4530.92	0.0	response_offset	254	2265460
4536.404	0.0	deviation_onset_left	251	2268202
4538.36	0.0	response_onset	253	2269180
4540.216	0.0	response_offset	254	2270108
4545.18	0.0	deviation_onset_left	251	2272590
4547.0	0.0	response_onset	253	2273500
4549.508	0.0	response_offset	254	2274754
4555.592	0.0	deviation_onset_right	252	2277796
4556.964	0.0	response_onset	253	2278482
4567.04	0.0	response_offset	254	2283520
4569.764	0.0	deviation_onset_left	251	2284882
4570.768	0.0	response_onset	253	2285384
4574.168	0.0	response_offset	254	2287084
4578.412	0.0	deviation_onset_left	251	2289206
4579.448	0.0	response_onset	253	2289724
4588.944	0.0	response_offset	254	2294472
4590.516	0.0	deviation_onset_left	251	2295258
4592.972	0.0	response_onset	253	2296486
4598.852	0.0	response_offset	254	2299426
4606.008	0.0	deviation_onset_right	252	2303004
4620.08	0.0	response_onset	253	2310040
4622.256	0.0	response_offset	254	2311128
4629.156	0.0	deviation_onset_left	251	2314578
4630.34	0.0	response_onset	253	2315170
4634.712	0.0	response_offset	254	2317356
4638.972	0.0	deviation_onset_right	252	2319486
4640.96	0.0	response_onset	253	2320480
4644.288	0.0	response_offset	254	2322144
4648.832	0.0	deviation_onset_left	251	2324416
4655.584	0.0	response_onset	253	2327792
4658.928	0.0	response_offset	254	2329464
4662.944	0.0	deviation_onset_right	252	2331472
4664.228	0.0	response_onset	253	2332114
4666.836	0.0	response_offset	254	2333418
4672.352	0.0	deviation_onset_left	251	2336176
4673.12	0.0	response_onset	253	2336560
4675.844	0.0	response_offset	254	2337922
4681.48	0.0	deviation_onset_right	252	2340740
4682.18	0.0	response_onset	253	2341090
4685.356	0.0	response_offset	254	2342678
4691.892	0.0	deviation_onset_right	252	2345946
4692.596	0.0	response_onset	253	2346298
4694.736	0.0	response_offset	254	2347368
4700.136	0.0	deviation_onset_right	252	2350068
4701.136	0.0	response_onset	253	2350568
4703.644	0.0	response_offset	254	2351822
4707.104	0.0	deviation_onset_left	251	2353552
4707.872	0.0	response_onset	253	2353936
4712.0	0.0	response_offset	254	2356000
4717.052	0.0	deviation_onset_left	251	2358526
4718.272	0.0	response_onset	253	2359136
4722.936	0.0	response_offset	254	2361468
4730.556	0.0	deviation_onset_right	252	2365278
4733.164	0.0	response_onset	253	2366582
4735.124	0.0	response_offset	254	2367562
4743.324	0.0	deviation_onset_left	251	2371662
4744.496	0.0	response_onset	253	2372248
4746.888	0.0	response_offset	254	2373444
4752.14	0.0	deviation_onset_right	252	2376070
4753.58	0.0	response_onset	253	2376790
4756.452	0.0	response_offset	254	2378226
4763.088	0.0	deviation_onset_left	251	2381544
4763.856	0.0	response_onset	253	2381928
4770.26	0.0	response_offset	254	2385130
4772.432	0.0	deviation_onset_right	252	2386216
4773.216	0.0	response_onset	253	2386608
4776.092	0.0	response_offset	254	2388046
4781.672	0.0	deviation_onset_left	251	2390836
4782.928	0.0	response_onset	253	2391464
4788.392	0.0	response_offset	254	2394196
4794.332	0.0	deviation_onset_left	251	2397166
4804.652	0.0	response_onset	253	2402326
4807.608	0.0	response_offset	254	2403804
4812.788	0.0	deviation_onset_right	252	2406394
4813.66	0.0	response_onset	253	2406830
4815.448	0.0	response_offset	254	2407724
4824.392	0.0	deviation_onset_left	251	2412196
4825.828	0.0	response_onset	253	2412914
4830.024	0.0	response_offset	254	2415012
4847.772	0.0	deviation_onset_right	252	2423886
4849.14	0.0	response_onset	253	2424570
4851.86	0.0	response_offset	254	2425930
4856.56	0.0	deviation_onset_left	251	2428280
4869.848	0.0	response_onset	253	2434924
4872.788	0.0	response_offset	254	2436394
4878.992	0.0	deviation_onset_left	251	2439496
4880.144	0.0	response_onset	253	2440072
4888.968	0.0	response_offset	254	2444484
4890.372	0.0	deviation_onset_left	251	2445186
4893.216	0.0	response_onset	253	2446608
4895.072	0.0	response_offset	254	2447536
4900.768	0.0	deviation_onset_right	252	2450384
4907.44	0.0	response_onset	253	2453720
4909.596	0.0	response_offset	254	2454798
4914.872	0.0	deviation_onset_left	251	2457436
4915.892	0.0	response_onset	253	2457946
4918.884	0.0	response_offset	254	2459442
4927.208	0.0	deviation_onset_right	252	2463604
4927.576	0.0	response_onset	253	2463788
4930.5	0.0	response_offset	254	2465250
4934.916	0.0	deviation_onset_left	251	2467458
4936.216	0.0	response_onset	253	2468108
4939.86	0.0	response_offset	254	2469930
4946.4	0.0	deviation_onset_right	252	2473200
4947.036	0.0	response_onset	253	2473518
4949.744	0.0	response_offset	254	2474872
4957.432	0.0	deviation_onset_right	252	2478716
4958.704	0.0	response_onset	253	2479352
4961.796	0.0	response_offset	254	2480898
4968.2	0.0	deviation_onset_left	251	2484100
4976.376	0.0	response_onset	253	2488188
4980.436	0.0	response_offset	254	2490218
4986.16	0.0	deviation_onset_right	252	2493080
4987.464	0.0	response_onset	253	2493732
4989.644	0.0	response_offset	254	2494822
4997.844	0.0	deviation_onset_left	251	2498922
4999.032	0.0	response_onset	253	2499516
5001.708	0.0	response_offset	254	2500854
5009.58	0.0	deviation_onset_left	251	2504790
5010.984	0.0	response_onset	253	2505492
5012.656	0.0	response_offset	254	2506328
5020.068	0.0	deviation_onset_right	252	2510034
5021.552	0.0	response_onset	253	2510776
5024.06	0.0	response_offset	254	2512030
5028.156	0.0	deviation_onset_left	251	2514078
5029.964	0.0	response_onset	253	2514982
5039.84	0.0	response_offset	254	2519920
5041.308	0.0	deviation_onset_right	252	2520654
5041.86	0.0	response_onset	253	2520930
5043.296	0.0	response_offset	254	2521648
5047.16	0.0	deviation_onset_left	251	2523580
5054.196	0.0	response_onset	253	2527098
5059.232	0.0	response_offset	254	2529616
5067.608	0.0	deviation_onset_left	251	2533804
5069.176	0.0	response_onset	253	2534588
5077.136	0.0	response_offset	254	2538568
5082.236	0.0	deviation_onset_left	251	2541118
5082.956	0.0	response_onset	253	2541478
5085.212	0.0	response_offset	254	2542606
5090.328	0.0	deviation_onset_right	252	2545164
5091.18	0.0	response_onset	253	2545590
5094.54	0.0	response_offset	254	2547270
5102.28	0.0	deviation_onset_right	252	2551140
5103.568	0.0	response_onset	253	2551784
5106.208	0.0	response_offset	254	2553104
5111.988	0.0	deviation_onset_right	252	2555994
5112.808	0.0	response_onset	253	2556404
5114.864	0.0	response_offset	254	2557432
5119.84	0.0	deviation_onset_left	251	2559920
5125.424	0.0	response_onset	253	2562712
5138.192	0.0	response_offset	254	2569096
5139.296	0.0	deviation_onset_right	252	2569648
5139.98	0.0	response_onset	253	2569990
5141.568	0.0	response_offset	254	2570784
5148.672	0.0	deviation_onset_right	252	2574336
5150.596	0.0	response_onset	253	2575298
5153.256	0.0	response_offset	254	2576628
5160.424	0.0	deviation_onset_left	251	2580212
5162.904	0.0	response_onset	253	2581452
5168.888	0.0	response_offset	254	2584444
5173.248	0.0	deviation_onset_right	252	2586624
5174.036	0.0	response_onset	253	2587018
5176.708	0.0	response_offset	254	2588354
5181.14	0.0	deviation_onset_left	251	2590570
5182.076	0.0	response_onset	253	2591038
5188.876	0.0	response_offset	254	2594438
5194.324	0.0	deviation_onset_right	252	2597162
5195.044	0.0	response_onset	253	2597522
5197.016	0.0	response_offset	254	2598508
5202.016	0.0	deviation_onset_right	252	2601008
5202.648	0.0	response_onset	253	2601324
5204.424	0.0	response_offset	254	2602212
5208.268	0.0	deviation_onset_right	252	2604134
5209.036	0.0	response_onset	253	2604518
5211.192	0.0	response_offset	254	2605596
5214.904	0.0	deviation_onset_right	252	2607452
5215.604	0.0	response_onset	253	2607802
5217.996	0.0	response_offset	254	2608998
5221.392	0.0	deviation_onset_right	252	2610696
5222.208	0.0	response_onset	253	2611104
5226.156	0.0	response_offset	254	2613078
5228.912	0.0	deviation_onset_right	252	2614456
5229.58	0.0	response_onset	253	2614790
5231.72	0.0	response_offset	254	2615860
5238.344	0.0	deviation_onset_right	252	2619172
5238.896	0.0	response_onset	253	2619448
5240.652	0.0	response_offset	254	2620326
5247.352	0.0	deviation_onset_right	252	2623676
5248.156	0.0	response_onset	253	2624078
5251.28	0.0	response_offset	254	2625640
5255.576	0.0	deviation_onset_right	252	2627788
5256.116	0.0	response_onset	253	2628058
5258.188	0.0	response_offset	254	2629094
5262.936	0.0	deviation_onset_right	252	2631468
5263.924	0.0	response_onset	253	2631962
5266.528	0.0	response_offset	254	2633264
5273.472	0.0	deviation_onset_left	251	2636736
5286.568	0.0	response_onset	253	2643284
5289.208	0.0	response_offset	254	2644604
5297.364	0.0	deviation_onset_left	251	2648682
5298.028	0.0	response_onset	253	2649014
5301.388	0.0	response_offset	254	2650694
5325.4	0.0	deviation_onset_left	251	2662700
5327.204	0.0	response_onset	253	2663602
5331.484	0.0	response_offset	254	2665742
5338.608	0.0	deviation_onset_right	252	2669304
5346.948	0.0	response_onset	253	2673474
5349.172	0.0	response_offset	254	2674586
5353.7	0.0	deviation_onset_left	251	2676850
5354.504	0.0	response_onset	253	2677252
5361.504	0.0	response_offset	254	2680752
5364.564	0.0	deviation_onset_right	252	2682282
5365.332	0.0	response_onset	253	2682666
5367.104	0.0	response_offset	254	2683552
5372.46	0.0	deviation_onset_left	251	2686230
5373.212	0.0	response_onset	253	2686606
5376.82	0.0	response_offset	254	2688410
5384.808	0.0	deviation_onset_right	252	2692404
5385.48	0.0	response_onset	253	2692740
5387.184	0.0	response_offset	254	2693592
5392.516	0.0	deviation_onset_right	252	2696258
5393.116	0.0	response_onset	253	2696558
5394.724	0.0	response_offset	254	2697362
5402.948	0.0	deviation_onset_right	252	2701474
5403.6	0.0	response_onset	253	2701800
5405.236	0.0	response_offset	254	2702618
5413.444	0.0	deviation_onset_left	251	2706722
5414.08	0.0	response_onset	253	2707040
5417.056	0.0	response_offset	254	2708528
5423.824	0.0	deviation_onset_right	252	2711912
5425.044	0.0	response_onset	253	2712522
5427.804	0.0	response_offset	254	2713902
5432.752	0.0	deviation_onset_left	251	2716376
5433.804	0.0	response_onset	253	2716902
5435.476	0.0	response_offset	254	2717738
5442.388	0.0	deviation_onset_left	251	2721194
5443.712	0.0	response_onset	253	2721856
5445.884	0.0	response_offset	254	2722942
5450.716	0.0	deviation_onset_left	251	2725358
5451.868	0.0	response_onset	253	2725934
5453.792	0.0	response_offset	254	2726896
5458.256	0.0	deviation_onset_left	251	2729128
5458.892	0.0	response_onset	253	2729446
5460.948	0.0	response_offset	254	2730474
5467.432	0.0	deviation_onset_right	252	2733716
5469.188	0.0	response_onset	253	2734594
5471.812	0.0	response_offset	254	2735906
5479.2	0.0	deviation_onset_right	252	2739600
5480.204	0.0	response_onset	253	2740102
5482.324	0.0	response_offset	254	2741162
5486.756	0.0	deviation_onset_right	252	2743378
5489.028	0.0	response_onset	253	2744514
5492.572	0.0	response_offset	254	2746286
5495.532	0.0	deviation_onset_right	252	2747766
5501.096	0.0	response_onset	253	2750548
5503.736	0.0	response_offset	254	2751868
5509.052	0.0	deviation_onset_left	251	2754526
5511.576	0.0	response_onset	253	2755788
5517.56	0.0	response_offset	254	2758780
5521.188	0.0	deviation_onset_right	252	2760594
5521.988	0.0	response_onset	253	2760994
5524.128	0.0	response_offset	254	2762064
5530.492	0.0	deviation_onset_right	252	2765246
5537.576	0.0	response_onset	253	2768788
5541.836	0.0	response_offset	254	2770918
5548.772	0.0	deviation_onset_right	252	2774386
5550.36	0.0	response_onset	253	2775180
5552.952	0.0	response_offset	254	2776476
5560.408	0.0	deviation_onset_right	252	2780204
5560.844	0.0	response_onset	253	2780422
5562.196	0.0	response_offset	254	2781098
5568.396	0.0	deviation_onset_left	251	2784198
5578.224	0.0	response_onset	253	2789112
5582.12	0.0	response_offset	254	2791060
5588.52	0.0	deviation_onset_right	252	2794260
5589.324	0.0	response_onset	253	2794662
5591.228	0.0	response_offset	254	2795614
5596.36	0.0	deviation_onset_left	251	2798180
5603.184	0.0	response_onset	253	2801592
5610.796	0.0	response_offset	254	2805398
5616.26	0.0	deviation_onset_left	251	2808130
5616.948	0.0	response_onset	253	2808474
5619.156	0.0	response_offset	254	2809578
5623.852	0.0	deviation_onset_right	252	2811926
5625.076	0.0	response_onset	253	2812538
5627.148	0.0	response_offset	254	2813574
5635.072	0.0	deviation_onset_right	252	2817536
5641.104	0.0	response_onset	253	2820552
5643.244	0.0	response_offset	254	2821622
5649.008	0.0	deviation_onset_left	251	2824504
5650.668	0.0	response_onset	253	2825334
5655.984	0.0	response_offset	254	2827992
5661.38	0.0	deviation_onset_right	252	2830690
5667.096	0.0	response_onset	253	2833548
5669.456	0.0	response_offset	254	2834728
5675.124	0.0	deviation_onset_right	252	2837562
5684.768	0.0	response_onset	253	2842384
5686.792	0.0	response_offset	254	2843396
5691.756	0.0	deviation_onset_right	252	2845878
5692.576	0.0	response_onset	253	2846288
5695.516	0.0	response_offset	254	2847758
5699.26	0.0	deviation_onset_left	251	2849630
5700.824	0.0	response_onset	253	2850412
5703.78	0.0	response_offset	254	2851890
5709.112	0.0	deviation_onset_right	252	2854556
5717.824	0.0	response_onset	253	2858912
5719.58	0.0	response_offset	254	2859790
5724.776	0.0	deviation_onset_right	252	2862388
5725.66	0.0	response_onset	253	2862830
5727.616	0.0	response_offset	254	2863808
5731.644	0.0	deviation_onset_right	252	2865822
5738.712	0.0	response_onset	253	2869356
5740.688	0.0	response_offset	254	2870344
5749.88	0.0	deviation_onset_left	251	2874940
5750.98	0.0	response_onset	253	2875490
5752.936	0.0	response_offset	254	2876468
5759.068	0.0	deviation_onset_right	252	2879534
5759.788	0.0	response_onset	253	2879894
5761.84	0.0	response_offset	254	2880920
5767.076	0.0	deviation_onset_right	252	2883538
5768.628	0.0	response_onset	253	2884314
5771.584	0.0	response_offset	254	2885792
5775.932	0.0	deviation_onset_left	251	2887966
5785.592	0.0	response_onset	253	2892796
5790.64	0.0	response_offset	254	2895320
5799.016	0.0	deviation_onset_right	252	2899508
5799.816	0.0	response_onset	253	2899908
5801.488	0.0	response_offset	254	2900744
5807.12	0.0	deviation_onset_left	251	2903560
5808.208	0.0	response_onset	253	2904104
5811.736	0.0	response_offset	254	2905868
5818.404	0.0	deviation_onset_right	252	2909202
5819.76	0.0	response_onset	253	2909880
5822.368	0.0	response_offset	254	2911184
5826.96	0.0	deviation_onset_right	252	2913480
5833.128	0.0	response_onset	253	2916564
5835.168	0.0	response_offset	254	2917584
5840.488	0.0	deviation_onset_left	251	2920244
5841.428	0.0	response_onset	253	2920714
5843.5	0.0	response_offset	254	2921750
5850.568	0.0	deviation_onset_left	251	2925284
5851.288	0.0	response_onset	253	2925644
5854.128	0.0	response_offset	254	2927064
5859.24	0.0	deviation_onset_left	251	2929620
5870.476	0.0	response_onset	253	2935238
5873.216	0.0	response_offset	254	2936608
5877.496	0.0	deviation_onset_left	251	2938748
5878.132	0.0	response_onset	253	2939066
5883.748	0.0	response_offset	254	2941874
5884.636	0.0	deviation_onset_right	252	2942318
5885.352	0.0	response_onset	253	2942676
5887.092	0.0	response_offset	254	2943546
5895.084	0.0	deviation_onset_right	252	2947542
5896.22	0.0	response_onset	253	2948110
5898.66	0.0	response_offset	254	2949330
5907.252	0.0	deviation_onset_left	251	2953626
5915.428	0.0	response_onset	253	2957714
5918.22	0.0	response_offset	254	2959110
5940.304	0.0	deviation_onset_right	252	2970152
5941.624	0.0	response_onset	253	2970812
5943.88	0.0	response_offset	254	2971940
5949.864	0.0	deviation_onset_left	251	2974932
5958.672	0.0	response_onset	253	2979336
5961.28	0.0	response_offset	254	2980640
5965.696	0.0	deviation_onset_right	252	2982848
5966.696	0.0	response_onset	253	2983348
5969.072	0.0	response_offset	254	2984536
5973.952	0.0	deviation_onset_right	252	2986976
5985.464	0.0	response_onset	253	2992732
5987.32	0.0	response_offset	254	2993660
5991.732	0.0	deviation_onset_right	252	2995866
5992.668	0.0	response_onset	253	2996334
5994.392	0.0	response_offset	254	2997196
5998.72	0.0	deviation_onset_right	252	2999360
5999.472	0.0	response_onset	253	2999736
6001.164	0.0	response_offset	254	3000582
6007.528	0.0	deviation_onset_left	251	3003764
6010.172	0.0	response_onset	253	3005086
6016.888	0.0	response_offset	254	3008444
6019.644	0.0	deviation_onset_right	252	3009822
6020.532	0.0	response_onset	253	3010266
6023.656	0.0	response_offset	254	3011828
6026.464	0.0	deviation_onset_left	251	3013232
6027.216	0.0	response_onset	253	3013608
6030.512	0.0	response_offset	254	3015256
6035.76	0.0	deviation_onset_left	251	3017880
6036.296	0.0	response_onset	253	3018148
6039.184	0.0	response_offset	254	3019592
6046.472	0.0	deviation_onset_left	251	3023236
6047.46	0.0	response_onset	253	3023730
6049.564	0.0	response_offset	254	3024782
6057.472	0.0	deviation_onset_left	251	3028736
6057.948	0.0	response_onset	253	3028974
6063.508	0.0	response_offset	254	3031754
6063.996	0.0	deviation_onset_right	252	3031998
6064.628	0.0	response_onset	253	3032314
6071.128	0.0	response_offset	254	3035564
6073.448	0.0	deviation_onset_left	251	3036724
6085.352	0.0	response_onset	253	3042676
6089.084	0.0	response_offset	254	3044542
6095.552	0.0	deviation_onset_right	252	3047776
6096.336	0.0	response_onset	253	3048168
6099.012	0.0	response_offset	254	3049506
6102.536	0.0	deviation_onset_right	252	3051268
6103.54	0.0	response_onset	253	3051770
6105.444	0.0	response_offset	254	3052722
6108.64	0.0	deviation_onset_right	252	3054320
6110.996	0.0	response_onset	253	3055498
6113.536	0.0	response_offset	254	3056768
6119.336	0.0	deviation_onset_right	252	3059668
6120.04	0.0	response_onset	253	3060020
6121.728	0.0	response_offset	254	3060864
6128.472	0.0	deviation_onset_left	251	3064236
6129.608	0.0	response_onset	253	3064804
6133.22	0.0	response_offset	254	3066610
6137.416	0.0	deviation_onset_left	251	3068708
6138.0	0.0	response_onset	253	3069000
6140.268	0.0	response_offset	254	3070134
6144.4	0.0	deviation_onset_left	251	3072200
6144.988	0.0	response_onset	253	3072494
6147.476	0.0	response_offset	254	3073738
6151.42	0.0	deviation_onset_left	251	3075710
6152.64	0.0	response_onset	253	3076320
6156.504	0.0	response_offset	254	3078252
6164.096	0.0	deviation_onset_left	251	3082048
6165.168	0.0	response_onset	253	3082584
6168.884	0.0	response_offset	254	3084442
6174.168	0.0	deviation_onset_right	252	3087084
6175.0	0.0	response_onset	253	3087500
6177.344	0.0	response_offset	254	3088672
6182.04	0.0	deviation_onset_left	251	3091020
6182.724	0.0	response_onset	253	3091362
6184.732	0.0	response_offset	254	3092366
6190.18	0.0	deviation_onset_right	252	3095090
6191.4	0.0	response_onset	253	3095700
6193.572	0.0	response_offset	254	3096786
6200.976	0.0	deviation_onset_left	251	3100488
6208.448	0.0	response_onset	253	3104224
6211.104	0.0	response_offset	254	3105552
6222.384	0.0	deviation_onset_left	251	3111192
6223.932	0.0	response_onset	253	3111966
6225.54	0.0	response_offset	254	3112770
6233.24	0.0	deviation_onset_left	251	3116620
6240.792	0.0	response_onset	253	3120396
6243.216	0.0	response_offset	254	3121608
6247.912	0.0	deviation_onset_left	251	3123956
6249.048	0.0	response_onset	253	3124524
6252.876	0.0	response_offset	254	3126438
6258.444	0.0	deviation_onset_right	252	3129222
6264.812	0.0	response_onset	253	3132406
6267.54	0.0	response_offset	254	3133770
6274.624	0.0	deviation_onset_left	251	3137312
6275.56	0.0	response_onset	253	3137780
6280.76	0.0	response_offset	254	3140380
6288.544	0.0	deviation_onset_right	252	3144272
6289.332	0.0	response_onset	253	3144666
6291.404	0.0	response_offset	254	3145702
6296.232	0.0	deviation_onset_left	251	3148116
6297.004	0.0	response_onset	253	3148502
6303.888	0.0	response_offset	254	3151944
6306.356	0.0	deviation_onset_left	251	3153178
6307.108	0.0	response_onset	253	3153554
6309.7	0.0	response_offset	254	3154850
6317.54	0.0	deviation_onset_left	251	3158770
6325.08	0.0	response_onset	253	3162540
6327.668	0.0	response_offset	254	3163834
6335.808	0.0	deviation_onset_right	252	3167904
6336.88	0.0	response_onset	253	3168440
6338.5	0.0	response_offset	254	3169250
6345.04	0.0	deviation_onset_right	252	3172520
6345.624	0.0	response_onset	253	3172812
6347.612	0.0	response_offset	254	3173806
6351.592	0.0	deviation_onset_left	251	3175796
6363.944	0.0	response_onset	253	3181972
6371.432	0.0	response_offset	254	3185716
6377.42	0.0	deviation_onset_right	252	3188710
6378.136	0.0	response_onset	253	3189068
6380.128	0.0	response_offset	254	3190064
6384.04	0.0	deviation_onset_right	252	3192020
6384.924	0.0	response_onset	253	3192462
6387.232	0.0	response_offset	254	3193616
6391.028	0.0	deviation_onset_right	252	3195514
6391.912	0.0	response_onset	253	3195956
6394.12	0.0	response_offset	254	3197060
6398.148	0.0	deviation_onset_right	252	3199074
6406.908	0.0	response_onset	253	3203454
6409.516	0.0	response_offset	254	3204758
6414.816	0.0	deviation_onset_right	252	3207408
6415.668	0.0	response_onset	253	3207834
6418.04	0.0	response_offset	254	3209020
6422.82	0.0	deviation_onset_right	252	3211410
6440.924	0.0	response_onset	253	3220462
6443.94	0.0	response_offset	254	3221970
6449.588	0.0	deviation_onset_left	251	3224794
6450.824	0.0	response_onset	253	3225412
6453.516	0.0	response_offset	254	3226758
6461.528	0.0	deviation_onset_left	251	3230764
6462.432	0.0	response_onset	253	3231216
6469.82	0.0	response_offset	254	3234910
6470.892	0.0	deviation_onset_left	251	3235446
6472.412	0.0	response_onset	253	3236206
6474.868	0.0	response_offset	254	3237434
6485.3	0.0	deviation_onset_left	251	3242650
6486.252	0.0	response_onset	253	3243126
6488.108	0.0	response_offset	254	3244054
6497.82	0.0	deviation_onset_right	252	3248910
6498.624	0.0	response_onset	253	3249312
6501.852	0.0	response_offset	254	3250926
6506.492	0.0	deviation_onset_left	251	3253246
6507.38	0.0	response_onset	253	3253690
6509.136	0.0	response_offset	254	3254568
